| romset       |	parent          |
| 18wheelr     |	naomi           |
| 18wheelro    |	18wheelr        |
| 18wheelrt    |	18wheelr        |
| 18wheels     |	18wheelr        |
| 18wheelu     |	18wheelr        |
| airlbios     |	                |
| alienfnt     |	naomi           |
| alienfnta    |	alienfnt        |
| alpilot      |	airlbios        |
| alpilotj     |	naomi           |
| anpanman2    |	naomi           |
| asndynmt     |	naomi           |
| asndynmto    |	asndynmt        |
| ausfache     |	naomi           |
| azumanga     |	naomigd         | 
| bdrdown      |	naomigd         |
| capsnk       |	naomi           |
| capsnka      |	capsnk          |
| capsnkb      |	capsnk          |
| cfield       |	naomigd         |
| chocomk      |	naomigd         |
| cleoftp      |	naomigd         |
| confmiss     |	naomigd         |
| crackndj     |	naomi           |
| crakndj2     |	naomi           |
| crzytaxi     |	naomi           |
| csmash       |	naomi           |
| csmasho      |	csmash          |
| cspike       |	naomi           |
| cvs2         |	naomigd         |
| cvs2mf       |	cvs2            |
| cvsgd        |	naomigd         |
| deathcox     |	naomi           |
| deathcoxj    |	deathcox        |
| deathcoxo    |	deathcox        |
| derbyo2k     |	naomi           |
| derbyoc      |	naomi           |
| derbyoc2     |	naomi           |
| derbyocw     |	naomi           |
| doa2         |	doa2m           |
| doa2a        |	doa2m           |
| doa2m        |	naomi           |
| dragntr      |	naomigd         |
| dragntr2     |	naomigd         |
| dragntr3     |	naomigd         |
| dragntra     |	dragntr         |
| drbyocwa     |	derbyocw        |
| drbyocwb     |	derbyocw        |
| drbyocwc     |	derbyocw        |
| dybb99       |	naomi           |
| dybbnao      |	naomi           |
| dygolf       |	naomigd         |
| f355         |	f355dlx         |
| f355bios     |	                |
| f355dlx      |	                |
| f355p        |	f355            |
| f355twin     |	f355bios        |
| f355twinp    |	f355twin        |
| f355twn2     |	f355bios        |

| ggram2       |	naomi           |
| ggx          |	naomi           |

| ggxx         |	naomigd         |
| ggxxac       |	naomigd         |
| ggxxrl       |	naomigd         |
| ggxxrlo      |	ggxxrl          |
| ggxxsla      |	naomigd         |
| gram2000     |	naomi           |
| gundmct      |	naomi           |
| gundmgd      |	naomigd         |
| gundmxgd     |	naomigd         |
| gunsur2      |	naomi           |
| gunsur2j     |	gunsur2         |
| gwing2       |	naomi           |
| hmgeo        |	naomi           |
| hod2bios     |	no              |
| hopper       |	naomi           |
| hotd2        |	hod2bios        |
| hotd2e       |	hotd2           |
| hotd2o       |	hotd2           |
| hotd2p       |	hotd2           |
| ikaruga      |	naomigd         |
| illvelo      |	naomi           |
| inunoos      |	naomi           |
| jambo        |	naomi           |
| jingystm     |	naomigd         |
| karous       |	naomigd         |
| keyboard     |	naomigd         |
| kick4csh     |	naomi           |
| kurucham     |	naomigd         |
| lupinsho     |	naomigd         |
| lupinshoo    |	lupinsho        |
| luptype      |	naomigd         |
| mamonoro     |	naomi           |
| manicpnc     |	naomi           |
| marstv       |	naomi           |
| mazan        |	naomi           |
| mazanj       |	mazan           |
| mazanu       |	mazan           |
| mbaa         |	naomi           |
| mbaao        |	mbaa            |
| meltyb       |	naomigd         |
| meltybld     |	naomigd         |
| meltyblo     |	meltybld        |
| meltybo      |	meltyb          |
| mj1          |	naomigd         |
| moeru        |	naomigd         |
| mok          |	naomigd         |
| monkeyba     |	naomigd         |
| mushi2eo     |	mushik2e        |
| mushi2k4     |	naomi           |
| mushi2k5     |	naomi           |
| mushi2k61    |	naomi           |
| mushi2k62    |	naomi           |
| mushik2e     |	naomi           |
| mushik2k     |	mushik2e        |
| mushik4e     |	naomi           |
| mushikc      |	mushike         |
| mushike      |	naomi           |
| mushikeo     |	mushike         |
| mushikep     |	mushike         |
| mushikk      |	mushike         |
| mvsc2        |	naomi           |
| mvsc2u       |	mvsc2           |
| ndcfboxa     |	naomigd         |
| ngdup23a     |	naomigd         |
| ngdup23c     |	naomigd         |
| ngdup23e     |	naomigd         |
| ninjaslt     |	naomi           |
| ninjaslta    |	ninjaslt        |
| ninjasltj    |	ninjaslt        |
| ninjasltu    |	ninjaslt        |
| oinori       |	naomi           |
| otrigger     |	naomi           |
| pjustic      |	naomi           |
| pokasuka     |	manicpnc        |
| pstone       |	naomi           |
| pstone2      |	naomi           |
| pstone2b     |	pstone2         |
| psyvar2      |	naomigd         |
| puyoda       |	naomi           |
| puyofev      |	naomigd         |
| puyofevj     |	puyofev         |
| puyofevp     |	puyofev         |
| qmegamis     |	naomi           |
| quizqgd      |	naomigd         |
| radirgy      |	naomigd         |
| radirgyn     |	naomi           |
| radirgyo     |	radirgy         |
| rhytngk      |	naomi           |
| ringout      |	naomi           |
| ringouto     |	ringout         |
| samba        |	naomi           |
| samba2k      |	naomi           |
| sambaa       |	samba           |
| sambap       |	samba           |
| senko        |	naomigd         |
| senkoo       |	senko           |
| senkosp      |	naomigd         |
| sfz3ugd      |	naomigd         |
| sgtetris     |	naomi           |
| shaktam      |	naomigd         |
| shaktamb     |	naomigd         |
| shaktmsp     |	naomigd         |
| shangril     |	naomi           |
| shikgam2     |	naomigd         |
| shootopl     |	naomi           |
| shootpl      |	naomi           |
| shootplm     |	naomi           |
| shootplmp    |	shootplm        |
| shors2k1     |	naomi           |
| shors2k2     |	naomi           |
| shors2k2l    |	naomi           |
| shors2k2m    |	naomi           |
| shors2k2s    |	naomi           |
| shorse       |	naomi           |
| shorsel      |	shorse          |
| shorsem      |	shorse          |
| shorsep      |	naomi           |
| shorsepb     |	shorsep         |
| shorsepl     |	shorsep         |
| shorsepm     |	shorsep         |
| shorsepr     |	naomi           |
| shorseprl    |	shorsepr        |
| shorseprs    |	shorsepr        |
| shorseprvl   |	shorsepr        |
| shorseprvr   |	shorsepr        |
| shorseps     |	shorsep         |
| sl2007       |	naomi           |
| slasho       |	naomi           |
| slashout     |	naomigd         |
| smarinef     |	naomi           |
| smlg99       |	naomi           |
| spawn        |	naomi           |
| spkrbtl      |	naomigd         |
| sprtjam      |	naomigd         |
| ss2005       |	naomigd         |
| ss2005o      |	ss2005          |
| sstrkfgt     |	naomi           |
| sstrkfgta    |	sstrkfgt        |
| starseek     |	naomigd         |
| suchie3      |	naomi           |
| takoron      |	naomigd         |
| tduno        |	naomi           |
| tduno2       |	naomi           |
| tetkiwam     |	naomigd         |
| tokyobus     |	naomi           |
| totd         |	naomi           |
| totdo        |	totd            |
| toukon4      |	naomi           |
| toyfight     |	naomi           |
| trgheart     |	naomigd         |
| trghearto    |	trgheart        |
| trizeal      |	naomigd         |
| undefeat     |	naomigd         |
| usagiym      |	naomigd         |
| vathlete     |	naomigd         |
| vathletep    |	vathlete        |
| virnba       |	naomi           |
| virnbao      |	virnba          |
| virnbap      |	virnba          |
| virnbapa     |	virnba          |
| vonot        |	naomi           |
| vs2_2k       |	naomi           |
| vs2_2ko      |	vs2_2k          |
| vtenis2c     |	naomi           |
| vtennis      |	naomi           |
| vtennis2     |	naomigd         |
| vtennisg     |	naomigd         |
| wccf116      |	naomigd         |
| wccf1dup     |	naomigd         |
| wccf212e     |	naomigd         |
| wccf234j     |	naomigd         |
| wccf2chk     |	naomigd         |
| wccf310j     |	naomigd         |
| wccf322e     |	naomigd         |
| wccf331e     |	wccf322e        |
| wccf420e     |	naomigd         |
| wldkicks     |	naomi           |
| wldkicksj    |	wldkicks        |
| wldkickspj   |	wldkicks        |
| wldkickspw   |	wldkicks        |
| wldkicksu    |	wldkicks        |
| wrungp       |	naomi           |
| wrungpo      |	wrungp          |
| wsbbgd       |	naomigd         |
| wwfroyal     |	naomi           |
| zerogu2      |	naomi           |
| zombrvn      |	naomi           |
| zombrvne     |	zombrvn         |
| zombrvno     |	zombrvn         |
| zunou        |	naomi           |
|              |	                |
